,AAPL Equity,MSFT Equity,TLT Bond,SPY ETF,OIL Future,VIX Call
2025-05-29 23:31:55.519060,150.0,280.0,95.0,400.0,70.0,2.5
2025-05-30 23:31:55.519060,146.36974878522926,273.08239107983235,109.19483103193392,392.32780255058424,69.73343593386477,2.714330858931268
2025-06-02 23:31:55.519060,150.84592443119155,281.5049152792985,117.90937502648514,395.8960451950195,69.7631659268906,2.970248434415107
2025-06-03 23:31:55.519060,152.56415654680686,286.3487800526755,112.01916399445695,404.7454068738001,69.5147872843756,3.149814402652569
2025-06-04 23:31:55.519060,153.47272255254182,288.09009322492466,132.16146254762643,411.38678036546423,69.28527413527067,3.3714112969496295
2025-06-05 23:31:55.519060,153.61941507708474,289.29379454323316,135.22102395858013,409.58366893442985,69.02813027928005,3.407862751159309
2025-06-06 23:31:55.519060,154.87100509658848,289.77278645443914,134.2262526339385,410.6831191887957,69.37157671647932,3.464728676591073
2025-06-09 23:31:55.519060,154.4310653049977,291.56531481415027,135.14455738074622,409.85286201624496,69.67854631519548,3.5443908439230842
2025-06-10 23:31:55.519060,156.1867908395385,292.8562115579747,158.06249201686205,413.11979545080595,69.85005342420841,3.775647993757954
2025-06-11 23:31:55.519060,156.44095030698023,293.15304794459354,182.95327335998456,415.56355483544746,69.8726801431271,3.7718487697369625
2025-06-12 23:31:55.519060,159.5527969412165,297.86041327309727,183.96220277429418,420.6369412882837,70.45890666935341,3.886838580800467
2025-06-13 23:31:55.519060,156.21465098089692,296.19930452261724,184.36654501183162,413.4899029632516,70.70336328563373,3.9676922309218106
2025-06-16 23:31:55.519060,154.68772381252742,295.44424696407117,208.44305608501978,410.63312349933153,70.73590011085818,4.053858792255379
2025-06-17 23:31:55.519060,154.64348791049477,295.4362194715829,180.19201151036089,409.7977483057668,70.6871654157085,4.075237674607001
2025-06-18 23:31:55.519060,153.5612774549332,294.9522070408357,151.6164634908491,407.4937524719704,70.58127739046506,4.292483854864463
2025-06-19 23:31:55.519060,152.60289658288372,293.02441716853747,152.8595774078157,404.23968401808264,70.57103210098282,4.378522456018577
2025-06-20 23:31:55.519060,152.99593975878045,291.49924918194046,141.32506390127014,408.31812512595064,69.80797014091961,4.477578982458355
2025-06-23 23:31:55.519060,153.66149988036133,294.4893533125034,122.26155759846063,407.3069750770339,70.20971497182067,4.826722505225696
2025-06-24 23:31:55.519060,154.64387413753968,298.8402369045566,92.78690807243537,409.0761076609562,69.9219631400995,4.919099145932853
2025-06-25 23:31:55.519060,152.34832108312187,296.1629119082548,97.07231725482094,403.78130673495934,69.82345924527,5.074847351671866
2025-06-26 23:31:55.519060,151.37724812047716,294.99010505103456,107.42948078318463,401.6444975220799,69.30385216365643,5.1611175050146665
2025-06-27 23:31:55.519060,150.54879998094495,295.54286174513027,125.48707966394537,402.4221649771104,69.33814185055031,5.352035585979675
2025-06-30 23:31:55.519060,154.50448365597722,299.10983460279033,115.58313170520451,405.846722716271,69.35471287768586,5.383440792380765
2025-07-01 23:31:55.519060,155.02939027759808,298.1997766777392,146.58097362751337,402.7585402374688,69.3996701156759,5.5834742161231325
2025-07-02 23:31:55.519060,156.04454333845752,296.0886605456125,101.46712396904883,403.5587777356297,69.79938662324139,5.769811592822811
2025-07-03 23:31:55.519060,156.6999780719964,298.1679652595904,120.92649645010903,405.0562981471711,69.72166012871008,5.82583641284602
2025-07-04 23:31:55.519060,159.443331828389,301.5690760030244,109.44156683319399,410.93437973335097,69.92221586035048,5.924983703529215
2025-07-07 23:31:55.519060,160.59544640684902,305.14452810001643,123.23127519309438,410.0000290945375,70.31086426726532,6.097115530166106
2025-07-08 23:31:55.519060,160.00741335058623,302.7196022655364,114.23095875470726,409.8660499945503,70.6156818823118,6.213768059150064
2025-07-09 23:31:55.519060,155.28243044760944,293.52421992817165,136.73339698578962,397.9620663908365,70.68922822218921,6.467495251736387
2025-07-10 23:31:55.519060,152.64738215730213,289.80300820795077,135.28943362830546,393.42456482806887,70.69470439048104,6.461228089259128
2025-07-11 23:31:55.519060,155.37897308621606,295.8540210571574,129.1501831425013,401.8902444993528,70.3647348441431,6.939786358477118
2025-07-14 23:31:55.519060,155.72839352723,295.66790994810776,94.24718260784489,403.87056270921687,70.51060270231314,6.996592193647203
2025-07-15 23:31:55.519060,155.50428483060844,292.8168391530443,107.97308068320451,401.85145091373016,70.68918828805332,7.233438525178705
2025-07-16 23:31:55.519060,153.32390922806184,288.84346457696,139.06340108344065,394.9211769494955,71.17988575445037,7.2479151429629605
2025-07-17 23:31:55.519060,152.98828503980286,287.3418185999012,133.59543835803186,393.63623687279136,71.48362850931215,7.3423525841648
2025-07-18 23:31:55.519060,151.4285992735908,284.1559599430267,163.41311272414384,396.4492990194599,71.38705218208342,7.39675636021445
2025-07-21 23:31:55.519060,151.0491220784954,281.2647906179794,181.95626762950243,392.90049384648114,71.59430957463942,7.737534952396522
2025-07-22 23:31:55.519060,147.62169441625508,275.3393423871255,173.46903488015346,382.964275270773,71.65812066277432,7.860377328598055
2025-07-23 23:31:55.519060,144.04836526497567,270.17084109885116,207.62575823153537,379.95614714072855,71.91114198013882,7.94049350341181
2025-07-24 23:31:55.519060,143.29575502100275,269.1938910129933,198.55301306017347,380.3383934259659,71.44752824795526,7.995649674974983
2025-07-25 23:31:55.519060,144.10896491637075,272.52922824797207,161.16114963470403,383.84984875338256,71.90939772149818,8.08830258297099
2025-07-28 23:31:55.519060,142.13741004489663,270.21290613759516,187.07078721979394,379.52599908142963,72.52820109457528,8.284374395465289
2025-07-29 23:31:55.519060,138.09964903228155,263.82097171042557,231.48555919336576,370.8889462714095,73.14193476447251,8.408796713326938
2025-07-30 23:31:55.519060,140.72894957770632,267.83817570529345,218.59577459583238,376.13375652933814,72.88549314345407,8.56323357815826
2025-07-31 23:31:55.519060,141.98505171781372,270.8448310029987,176.20817424209267,378.37050688770404,72.53212878144615,8.57914393558932
2025-08-01 23:31:55.519060,139.8453941231164,267.38524814188094,211.2704247612005,372.1366863891028,73.07066448121732,8.628436063803864
2025-08-04 23:31:55.519060,141.39568976353164,267.4170832109844,265.16482215277017,370.85664088272546,72.36543456146823,8.679844898302493
2025-08-05 23:31:55.519060,142.15911616358838,269.1496329421404,308.676464105312,371.94272406918924,72.35877922856315,8.83637709034945
2025-08-06 23:31:55.519060,143.54271399871357,272.7247053257805,368.2774552089596,374.26448078464125,73.21438146287889,8.844406887755268
2025-08-07 23:31:55.519060,141.32817525485729,269.8054395124367,371.0092391387692,366.43666170681155,73.38370693510443,8.900962683614495
2025-08-08 23:31:55.519060,143.4801305004147,270.9992739344393,377.82949275044507,368.80427446377524,72.54570971228115,9.040829708952902
2025-08-11 23:31:55.519060,146.3604762594771,274.5743719827052,434.1152018238923,374.0646625762355,71.99959925868245,8.964752943182951
2025-08-12 23:31:55.519060,146.47080657293117,277.39266265661007,410.06131261010523,375.5521832026712,72.25716541905035,9.155580211146157
2025-08-13 23:31:55.519060,147.54452168387843,279.5782919554206,446.2304922078779,379.34300555424534,72.12225176403986,9.17319054311282
2025-08-14 23:31:55.519060,147.20168788183412,279.1931271974827,432.1787537839653,381.69589003329,72.45439546528355,9.230783776509478
2025-08-15 23:31:55.519060,146.52990716609202,280.1039996586832,582.8331295251197,383.99154182602166,72.73576323035671,9.277947862409995
2025-08-18 23:31:55.519060,146.21480594874907,277.09739713933106,672.2754190782658,377.8458262330083,72.94539746886463,9.517269013789143
2025-08-19 23:31:55.519060,145.1498013198595,275.20683315672477,661.7173642912333,378.08228493008727,72.61165237385487,9.646245662277087
2025-08-20 23:31:55.519060,145.3852374823949,275.53346553746326,784.1989620577881,381.7029726472964,72.52277799459314,9.649216771917265
2025-08-21 23:31:55.519060,142.08314306075306,272.9008074437176,880.0695453161497,376.34352640257276,72.30748074229624,9.821887598174591
2025-08-22 23:31:55.519060,141.72214586329102,269.0062847043864,749.7269716383363,373.28028341832834,72.24646533001399,9.977385880071681
2025-08-25 23:31:55.519060,138.2971525839415,265.088436678593,737.192603547754,365.2301151586911,72.46334843343554,9.838416250629988
2025-08-26 23:31:55.519060,139.40242164215186,264.22252157981296,786.0541755023627,366.1589071966197,72.21860143845406,9.928235684425847
2025-08-27 23:31:55.519060,136.0576763680222,258.9486827206106,631.964294144058,359.943690383027,72.40699133569093,9.800061582272313
2025-08-28 23:31:55.519060,133.2702111461569,254.64886551445557,691.8389907662396,351.4676562005277,72.0304406283087,9.837541030764813
2025-08-29 23:31:55.519060,128.22786854272218,248.29270257873102,646.1725116888879,341.8274070325857,71.74196661868964,9.767676236810942
2025-09-01 23:31:55.519060,129.44406812913212,250.47474237476038,651.6470371078431,341.91897791239245,72.28328718588617,9.916998829942118
2025-09-02 23:31:55.519060,126.25301446173943,244.2503240544328,611.0486922965349,330.96918816156824,72.2748112285882,9.972299013071975
2025-09-03 23:31:55.519060,125.03934957571168,243.96783204888294,605.756657978051,329.07700454624285,72.77842127372982,10.031285685692913
2025-09-04 23:31:55.519060,127.99132973592954,247.65928335644418,708.321471047194,334.2744599550177,72.16339739540025,10.139777826986023
2025-09-05 23:31:55.519060,130.7233255445628,252.6948975914984,479.056661906066,345.2028086413482,71.71425298616232,10.199408407087414
2025-09-08 23:31:55.519060,129.03241387316226,252.0240435904375,479.33527458975607,344.0978437020831,71.48269426844936,10.225489588354002
2025-09-09 23:31:55.519060,130.54995177934583,255.85321917151538,447.6010051154334,347.1051358199664,71.58160038592949,10.34452506175847
2025-09-10 23:31:55.519060,131.3614809734614,256.3479487257862,523.8388492838702,347.7801707709747,71.83514001095534,10.34475763051386
2025-09-11 23:31:55.519060,134.11722434430504,259.09482168879606,489.61429556467925,352.70926262167046,72.01081720529251,10.709289976506897
2025-09-12 23:31:55.519060,133.07495892621932,258.37152867793895,450.7980034091445,350.9600841325877,71.17531738117476,10.770064309080949
2025-09-15 23:31:55.519060,130.83241602902206,254.09038356970578,260.25731100104764,346.9762471377845,70.87117442573809,10.909805885905232
2025-09-16 23:31:55.519060,130.6344163080047,253.6655848042562,246.58414098461836,349.0358851057157,71.07437788796702,11.022906956161265
2025-09-17 23:31:55.519060,132.0572724690598,254.58051909864372,189.34413742258874,350.66752469352093,71.28173544449533,11.074127719441432
2025-09-18 23:31:55.519060,128.41595190921078,251.06694610034214,183.66360889974814,342.93692416268044,71.56393254230555,11.169380494430907
2025-09-19 23:31:55.519060,128.17678908724983,252.7132285660145,152.49318227120332,342.3861526274055,71.73159311599495,11.207211984638391
2025-09-22 23:31:55.519060,130.2862827488635,257.43660831652613,150.1385936394659,345.5816220390749,71.82462159605568,11.410379328647958
2025-09-23 23:31:55.519060,127.9030751044227,249.2129793807544,182.9563022255077,338.46347445364387,72.26656775652876,11.420259098444001
2025-09-24 23:31:55.519060,125.45646752335868,245.65908175212624,202.5166459734641,331.48658462162473,73.0045366241423,11.730008761632691
2025-09-25 23:31:55.519060,122.87414489398199,238.19845263189686,230.22354060856048,324.33930461758933,72.69749044599034,11.997574007094027
2025-09-26 23:31:55.519060,123.96623524165977,238.8832155798631,237.65935572244592,326.56830562310944,72.71682940081598,12.26319289849526
2025-09-29 23:31:55.519060,123.80201719710539,239.58695155992163,303.87727799995946,327.66754007327614,72.78747972314083,12.34572962822358
2025-09-30 23:31:55.519060,121.19862182180836,237.75108394605766,349.55142528591824,324.01291692525166,72.71069907540478,12.40521171879555
2025-10-01 23:31:55.519060,121.42305798454079,237.02092514062477,304.619621114472,324.4880399495433,72.12243463832067,12.485192335380283
2025-10-02 23:31:55.519060,120.33140640186166,235.81504967596965,213.0103404232822,319.77384742837444,70.90143697894482,12.601551435532038
2025-10-03 23:31:55.519060,119.84267637092145,234.1101344965857,243.0518690809528,320.44522499799956,70.60767575814498,12.709944401723854
2025-10-06 23:31:55.519060,121.43089833881295,236.69731409844906,219.67538867573424,323.8286556257221,71.6603432709822,12.72354259816142
2025-10-07 23:31:55.519060,121.24586592634118,235.7732975020902,219.52482846568876,319.210550412783,71.83030895040713,12.800595761523581
2025-10-08 23:31:55.519060,122.16715519516565,239.13736048375245,219.19543649404085,325.14567251987876,72.26395586951047,13.00598664224411
2025-10-09 23:31:55.519060,122.09872888980077,237.48403863748175,224.49175894880509,324.394807956524,72.45455497183961,13.099323353194075
2025-10-10 23:31:55.519060,121.95634107522886,237.21164180311703,320.79800091862126,323.02010886057514,72.53476145678484,13.011871223324361
2025-10-13 23:31:55.519060,121.1665264834593,237.39746650421054,395.17505806277615,322.37932662228144,72.59861949815803,13.103080140442252
2025-10-14 23:31:55.519060,122.57114063928383,237.89094225562232,396.97246822684735,323.3484159775414,72.69740466189056,13.295124271867437
2025-10-15 23:31:55.519060,123.86884729115916,238.99383302840607,643.9293965780118,324.4204055715645,72.06583370337023,13.38779378362503
2025-10-16 23:31:55.519060,124.7162492309164,241.8914099861919,811.3870094713616,327.0141804028632,72.00304194142285,13.50211323025899
2025-10-17 23:31:55.519060,124.59583333433777,243.99075704742424,941.2635557563934,326.5099397327429,71.98319918466635,13.561966261448045
2025-10-20 23:31:55.519060,125.4280593661139,244.99348664347482,1105.9149722484322,329.3926426265874,71.86276788973854,13.627786736655763
2025-10-21 23:31:55.519060,126.63453607730489,246.0467398304596,961.1031210190172,331.7413338819112,72.17336645053916,13.625269477730699
2025-10-22 23:31:55.519060,128.103516194924,249.1537624974509,899.3883011935392,334.81683365050293,72.25955487711532,13.79547162200758
2025-10-23 23:31:55.519060,128.3550448381264,249.07129640040353,1039.0755922297433,334.9972741542466,72.31326258691108,13.8496898936049
2025-10-24 23:31:55.519060,126.90679887615971,246.3727534178333,1224.1814370234229,330.3870634810436,72.32978116374461,13.840948595852806
2025-10-27 23:31:55.519060,126.31068563351248,246.61679012973437,1603.3347175767137,332.06230867308307,71.87494726242147,13.93698995827637
2025-10-28 23:31:55.519060,125.59983918380784,246.12272309711702,1098.680033156924,330.9666229482255,71.97554344995234,13.865936789742154
2025-10-29 23:31:55.519060,126.66140328501837,247.96321937456824,993.9158118889887,336.1749761866119,72.45966201866896,13.872462510879815
2025-10-30 23:31:55.519060,126.66449055725322,249.8489486899187,1091.4260829917139,334.7652314587499,72.75011932524423,14.210658878949456
2025-10-31 23:31:55.519060,126.18049467974019,248.80174300383155,944.4532241637683,332.52699109901585,72.63183146662654,14.362946535868153
2025-11-03 23:31:55.519060,125.62346873231384,247.6554708943152,1015.734595995329,331.8944317962843,72.22496298423346,14.419805973803037
2025-11-04 23:31:55.519060,126.49196742819667,248.70105957017168,945.5414201550202,336.33016049166804,72.34179341516686,14.477548597381649
2025-11-05 23:31:55.519060,126.32123459205735,249.32201936465052,1121.8176935756194,335.3129769931177,72.6897887991364,14.47979784110723
2025-11-06 23:31:55.519060,126.764570874624,250.6044262472919,993.9839097011371,336.08759228570426,72.48296141153926,14.583426064796832
2025-11-07 23:31:55.519060,124.65310303810833,245.32139139080277,1376.883214525177,332.7355406379272,72.95034659122997,14.635386456679672
2025-11-10 23:31:55.519060,122.81222653386841,243.51776541364003,1447.3261984392175,328.20453187614635,73.10124163777682,14.62242627995828
2025-11-11 23:31:55.519060,123.81906893915064,248.1220505385698,1381.2748421936644,327.74902442897957,73.22870974180651,14.542977687504738
2025-11-12 23:31:55.519060,124.9554893649113,252.66996357364386,1848.7813112621516,332.29057201744274,72.93204871998834,14.693819709842943
2025-11-13 23:31:55.519060,122.14954119740922,247.1746384025609,2083.3208236161436,327.27410061974507,72.93762253629923,14.652914487878723
2025-11-14 23:31:55.519060,122.84052436484488,248.2064141085877,2262.446120029516,326.93780933332175,73.15137146507128,14.757548262293444
2025-11-17 23:31:55.519060,121.12521397879945,246.65771325485002,2873.810410360133,325.2158144255013,73.23087080314994,14.92794212888803
2025-11-18 23:31:55.519060,118.72100681692544,242.95307079779832,1878.9384967552094,318.8687074706957,73.90386866770973,15.009228424857694
2025-11-19 23:31:55.519060,118.83886133651849,244.1671433899269,1148.6658124050703,317.28130104953647,73.90832014394697,15.094087865599384
2025-11-20 23:31:55.519060,118.3532288983061,242.38184987009203,1290.0339815293794,316.1349667364435,74.00255818961782,15.061413457972183
2025-11-21 23:31:55.519060,118.51747233382882,244.4404220397343,765.7150143044987,314.55351099136055,74.24197794200015,15.224492986654088
2025-11-24 23:31:55.519060,116.24644095697313,240.1874754147152,837.2023035225511,309.1852971477645,74.57486425153078,15.26820523688967
2025-11-25 23:31:55.519060,114.81961445784515,239.2576543884734,823.3326348422657,307.42837158182147,74.4745911560858,15.39002033600207
2025-11-26 23:31:55.519060,116.55509264836829,241.4007339040881,875.4522981183629,309.5668923885575,74.72323314795267,15.559979257629744
2025-11-27 23:31:55.519060,115.59361491813961,237.77104998776247,562.0003836960873,306.21783498205014,74.88834327920993,15.62163181488377
2025-11-28 23:31:55.519060,114.50983437133922,236.36969429571025,592.9463442402845,303.925902933373,75.00645875587303,15.678527356864345
2025-12-01 23:31:55.519060,115.35139502459334,234.94378200923046,614.0611107537026,301.1096149077421,75.00009158832609,15.614807748415082
2025-12-02 23:31:55.519060,118.2710262668778,240.97632358976983,332.12279798663053,306.9275333079436,74.47701217114792,15.68691697308064
2025-12-03 23:31:55.519060,117.95593927284149,238.31440101330347,354.850866874281,304.05572403699057,74.8001702676073,15.907291651660046
2025-12-04 23:31:55.519060,115.68220193186308,239.42609473153567,253.236574152395,303.50923238754183,74.51520421568904,15.968075007553587
2025-12-05 23:31:55.519060,114.4718058524728,236.28551449462978,177.74491086257677,298.38007978591617,74.53371302027618,16.141660016408352
2025-12-08 23:31:55.519060,115.30739997685268,235.9884291315031,147.6012117327212,301.44583126604175,74.23745603597499,16.24035036100063
2025-12-09 23:31:55.519060,115.57945455288166,236.12391567849912,113.92251664408656,302.24070006796165,73.93051203416461,16.289258396297594
2025-12-10 23:31:55.519060,116.32072994042277,237.89621332634525,84.5298597782221,301.8149571399765,73.97801269894835,16.434889393875412
2025-12-11 23:31:55.519060,116.98317133943627,237.74470323134224,106.54108807885994,300.2089136242497,73.58554790983978,16.567614415787837
2025-12-12 23:31:55.519060,115.353930804636,235.09645848814776,64.76450205662897,297.7279621855176,73.78223560225128,16.66078040438872
2025-12-15 23:31:55.519060,113.42689631856696,231.20152726172455,74.17166113356292,293.00732535573377,74.28986370790247,16.64641678303493
2025-12-16 23:31:55.519060,115.92223606286674,234.48102331994178,57.72058125271954,299.56641429310423,74.45052785607035,16.663356383535437
2025-12-17 23:31:55.519060,115.92498072269683,236.7889210813248,61.61808064673036,302.45809298884546,74.65528676915966,16.650724406384263
2025-12-18 23:31:55.519060,112.21882250437535,232.10965291723474,66.72124003424418,294.53338616786573,74.47466672692016,16.595988418610343
2025-12-19 23:31:55.519060,112.45603937474884,231.46164713539514,102.05464649045764,294.080653036394,74.64285311273323,16.860104273862753
2025-12-22 23:31:55.519060,116.40018776713397,240.00157477281627,84.19011000469389,303.8869201650039,74.73842931499951,17.070038929637015
2025-12-23 23:31:55.519060,112.93352423505014,232.4778995986241,80.67856465719434,299.1387557727522,73.82661198841491,17.063583162979185
2025-12-24 23:31:55.519060,114.96985776023041,238.59157446258456,88.34375174603761,303.24428467587273,73.70676021740522,17.136610376668834
2025-12-25 23:31:55.519060,116.29462003910955,239.6328978458098,117.09000633729273,306.00575752941427,73.62556922041912,17.033466816664937
2025-12-26 23:31:55.519060,117.49614422862638,242.8256043329838,90.24259169432221,307.57705750517255,73.78864751950627,16.949473037693355
2025-12-29 23:31:55.519060,118.65507222250548,243.71885489324129,123.7464954045642,307.9862683674406,73.88246267916772,17.119775892611663
2025-12-30 23:31:55.519060,120.06631656055045,247.4884580725334,88.0661299157359,308.26215414531555,73.40755578062208,17.108764019570078
2025-12-31 23:31:55.519060,121.81596404880328,251.1697662645169,94.08725761970183,313.7444740047357,74.19910652238234,17.112525154584695
2026-01-01 23:31:55.519060,121.9575872106117,250.17910518487272,114.48698445820229,314.78036686512627,74.83834324811629,17.316636783592745
2026-01-02 23:31:55.519060,122.56169774574427,251.569320730298,81.22861802801025,317.8867089367417,74.78116685463095,17.53359024728126
2026-01-05 23:31:55.519060,122.24049812745709,254.62907529427653,86.04744926265194,321.888894651834,75.39251023290277,17.603738894914247
2026-01-06 23:31:55.519060,122.4960288282599,254.66379962195708,39.88221671171788,319.09719474395587,75.28147067765026,17.81619777711644
2026-01-07 23:31:55.519060,121.7418573632311,254.88044866354866,45.84702520867168,318.849374658203,75.23654397266027,18.116938471377473
2026-01-08 23:31:55.519060,123.81908353245971,259.41797270586204,22.736312013672617,321.76931988290426,74.24401065708331,18.247804314244842
2026-01-09 23:31:55.519060,123.57521788755629,261.1954125989446,28.719918365257918,322.5823156224232,74.74264971751406,18.41751756221387
2026-01-12 23:31:55.519060,124.52359527979152,259.9062234318915,28.872390231089053,326.0329144748892,74.47984215177661,18.647194734888316
2026-01-13 23:31:55.519060,122.78642052324048,255.1353000406434,41.98022251208009,320.9737542593193,74.64496391072986,18.606747790170395
2026-01-14 23:31:55.519060,124.73888334652646,259.5535049633768,50.51202768772444,323.4047009387982,74.36998445845812,18.51108963626579
2026-01-15 23:31:55.519060,125.31561325204615,258.9472118735307,34.25706110080036,323.77940021813777,74.60024794080658,18.51713378705098
2026-01-16 23:31:55.519060,126.23676144934569,260.3805393506668,38.540831012213346,327.7979623375309,74.19805992401065,18.731045536618872
2026-01-19 23:31:55.519060,127.54977408132503,261.2707660834686,41.13288912666866,333.7447266756341,73.98609515008208,18.84278314408759
2026-01-20 23:31:55.519060,124.10538480806453,259.3152112197418,50.281108434766104,331.68885941482955,73.46526058090167,19.022452079698915
2026-01-21 23:31:55.519060,123.11323584563326,259.56731337553737,59.78080957698717,327.6629185076275,73.48178823777162,19.151666534983743
2026-01-22 23:31:55.519060,124.70006745798834,260.38629934941895,41.3338394642553,327.80536460919404,73.04571522236904,19.250851892102553
2026-01-23 23:31:55.519060,124.30695689492146,259.206898622999,12.18280527138566,326.53379711790865,72.67945484084285,19.321410199161086
2026-01-26 23:31:55.519060,121.18971210934866,251.52346755260848,9.138130001178322,323.8723602463166,72.72488156314594,19.465276873348888
2026-01-27 23:31:55.519060,118.78367547138762,248.1702681359742,8.413325156237121,319.69637658131455,72.39097440019304,19.477816183222888
2026-01-28 23:31:55.519060,117.28339385960778,244.36258428352843,7.895924421572676,315.16380325510323,72.2563866763097,19.381445775993495
2026-01-29 23:31:55.519060,118.30157048244808,245.70710487297782,5.336975992422742,316.43976206344814,72.18604423949772,19.393435962059737
2026-01-30 23:31:55.519060,119.18616960008518,245.65730351347912,6.704582514070987,314.83119534061245,71.56283186091028,19.397652688534123
2026-02-02 23:31:55.519060,117.70287477325274,244.65043273199694,7.078835301141451,310.7532858052165,72.11540553056125,19.449081095689017
2026-02-03 23:31:55.519060,116.81637504407612,243.3350081505973,10.088817088839894,310.670394094466,72.63914948240658,19.372741400933183
2026-02-04 23:31:55.519060,117.78323643999384,244.1763619886583,10.885911163739491,310.4994967299747,73.30362048712466,19.442034262111797
2026-02-05 23:31:55.519060,117.49457240818505,244.08582521346742,10.16957882555866,309.7713556215915,73.9195801091315,19.39803291573042
2026-02-06 23:31:55.519060,119.17876186920437,246.17904929056127,7.616916836600661,311.14212193568017,73.63887327604695,19.412599303181388
2026-02-09 23:31:55.519060,117.69327074194358,243.85972556167758,10.161465149231223,311.4745809739392,73.61123494350352,19.510196756138836
2026-02-10 23:31:55.519060,117.36989789137078,243.90137705386283,10.993085805481538,309.4965416968363,73.80476164381321,19.561203593211836
2026-02-11 23:31:55.519060,118.32364598120597,247.23414155176945,11.182520315332182,313.1522719788168,73.17466283737268,19.73304503040961
2026-02-12 23:31:55.519060,117.05080624442742,243.38495888159542,7.477600106375509,310.6537326109086,73.14167010726774,19.925163821617456
2026-02-13 23:31:55.519060,117.197631936687,248.04372508421446,7.485311215756805,313.02436845069275,73.17454918259074,20.134806423224884
2026-02-16 23:31:55.519060,119.73388558324834,253.93794640936517,6.350180503890931,320.4548946109553,73.06820823247413,20.114083181822885
2026-02-17 23:31:55.519060,118.66464103058038,253.41256947118598,4.871938299353577,319.2534211366343,72.89339167007984,20.161584549931916
2026-02-18 23:31:55.519060,118.09242546059502,254.39709004738452,4.206381477218065,318.4531662079743,73.05130324472748,20.49881513706027
2026-02-19 23:31:55.519060,119.70246133463259,254.76681810447954,4.221369689411091,321.11652723201615,73.24663528609643,20.53278741964968
2026-02-20 23:31:55.519060,123.31240082375533,262.3470345122932,3.8105343403674334,329.13350012743547,74.09686336156516,20.592313758394365
2026-02-23 23:31:55.519060,125.17890929959151,265.9674829151237,5.085838218169577,337.5390781363985,74.6856620484077,20.55147186212684
2026-02-24 23:31:55.519060,124.07165225303144,264.1077398133782,3.610961057202501,335.1865093241495,74.19107632030402,20.572587640846088
2026-02-25 23:31:55.519060,122.2802553639429,263.7617501735623,2.608663529986281,331.2212186676347,74.01591724994172,20.73674444115657
2026-02-26 23:31:55.519060,122.85732594339309,259.51154828718506,2.6878925058833736,330.5826601132365,74.2906963429603,20.980466422118667
2026-02-27 23:31:55.519060,122.83309485786046,260.7044610028755,2.6401017950927073,328.9901822367944,75.22220736414206,20.907912998217956
2026-03-02 23:31:55.519060,123.80252022788467,264.082281836935,3.436681271797973,332.58684821027924,74.8403225493944,21.083330024086692
2026-03-03 23:31:55.519060,128.02763751906414,271.3079797880992,4.156588707493251,340.1771753258248,75.32535934004459,21.199640095713505
2026-03-04 23:31:55.519060,126.98528237490575,269.3046010461453,2.6614754781895456,338.79583193081714,75.85319306291896,21.37207626144341
2026-03-05 23:31:55.519060,126.69333890231077,268.5537811989084,2.443311102704027,340.95961279869283,75.04643930056409,21.40338670425748
2026-03-06 23:31:55.519060,127.60606609560558,272.07501511409043,2.0070951719037105,342.72699427261347,74.90731128048905,21.4843126501695
2026-03-09 23:31:55.519060,125.43114000025787,267.92909874086115,1.3116576057387102,336.7146527758322,74.96769774669914,21.534537797022367
2026-03-10 23:31:55.519060,124.58093880004294,262.5185169845751,1.2205561387278148,332.2188825270315,74.2525161988257,21.678326238725333
2026-03-11 23:31:55.519060,124.66205034863879,264.04161108935307,1.2617249373901702,332.72591957917825,73.7457170552419,21.923541204560266
2026-03-12 23:31:55.519060,125.1112900680898,263.25742116074326,1.5020610229854205,331.9095791162345,73.6312416542059,22.017680742517772
2026-03-13 23:31:55.519060,123.68205907096049,260.1420576442976,1.8145419039549484,326.2760865111059,72.96976494494027,21.940131383911663
2026-03-16 23:31:55.519060,124.22302270744846,259.5860983023035,2.387060195941406,329.72897342058224,72.53367249945653,22.098162938649683
2026-03-17 23:31:55.519060,124.13996338321702,261.1463418392478,2.1093285655237515,331.1739147943323,72.53173354018924,22.23238323313607
2026-03-18 23:31:55.519060,123.09190438244572,260.6962797766134,2.0086496033443653,329.8482017669223,72.47268231800473,22.367055836029465
2026-03-19 23:31:55.519060,121.28396417006435,256.2239737342088,1.5672069305340832,324.07551342785695,72.16878617247806,22.318388313720693
2026-03-20 23:31:55.519060,116.96369568828493,247.3754152916398,2.0243305345140095,315.6314164276895,72.22648836503029,22.46071288317073
2026-03-23 23:31:55.519060,119.15953095459808,247.01701090405683,1.399917424466853,317.4174068780201,72.4111787355472,22.64218319556493
2026-03-24 23:31:55.519060,116.48398566558235,245.1831718432622,1.7492320185684813,314.79610608722936,72.88670362152594,22.740415269414935
2026-03-25 23:31:55.519060,116.28041311899543,243.4385252192523,1.6829934708898309,315.4713637485893,72.84873630699157,22.763826695115746
2026-03-26 23:31:55.519060,113.74182112975403,239.73191270377706,1.7625447644413499,308.5412255595555,73.04251066260935,23.018646721998024
2026-03-27 23:31:55.519060,111.75986259191752,235.47310817694077,1.8198285838376114,303.4805673031947,72.29813407620529,23.095455542792255
2026-03-30 23:31:55.519060,110.9170364559233,235.79294211271213,2.0011598810980473,299.65090112780115,72.42975408866788,23.284438813081813
2026-03-31 23:31:55.519060,111.2361313184858,235.68980169205813,2.0398542806176776,300.1395452062627,72.2747658956976,23.43627149669206
2026-04-01 23:31:55.519060,110.2159560990841,236.23706749128527,1.8735121514997422,300.29111311878074,72.15855326079951,23.457049569998908
2026-04-02 23:31:55.519060,107.64336937079392,234.04483578869753,2.0688678855735545,297.64569041667164,72.28655651643672,23.687324323680286
2026-04-03 23:31:55.519060,107.17434351696518,233.24003305996612,2.4933130415015157,298.0301218252446,72.49094711738012,23.770344629654044
2026-04-06 23:31:55.519060,108.72275432031758,235.59780003271044,2.3222249130590384,300.18600886352004,72.3381289388425,24.020483913617067
2026-04-07 23:31:55.519060,110.32710341272126,237.93795074597574,2.5336031902909686,303.016530941309,72.09036738515525,23.990619561721438
2026-04-08 23:31:55.519060,110.95456600822709,236.75818315626177,2.834525953327914,307.24516865311,72.73938235410037,23.91685249550903
2026-04-09 23:31:55.519060,109.02869572703054,234.76161724218844,2.371395212366115,300.63150636307864,72.94515348746017,23.82131586749508
2026-04-10 23:31:55.519060,110.41118014062592,237.7874272222995,2.6337640450178688,301.01469293169225,72.17797524383276,23.81350304576642
2026-04-13 23:31:55.519060,111.9097938253745,240.72716736425843,2.6584346550256024,302.6638235753821,73.03022707615878,23.880324920109707
2026-04-14 23:31:55.519060,112.06564618420211,243.7123948515112,2.7117946763371146,304.360100867797,72.8740428957244,24.07872492372862
2026-04-15 23:31:55.519060,110.90520801596,242.36379942485684,3.569680536792356,299.52375376268725,72.93485321013416,24.06704791815436
2026-04-16 23:31:55.519060,110.00341236246653,240.6109345974195,2.2895665188390324,300.03553535086655,73.0764440688374,24.131903588368942
2026-04-17 23:31:55.519060,109.6634537514419,236.99988540716586,2.283766134273925,297.2346855835916,73.30162928884707,24.201289448194
2026-04-20 23:31:55.519060,108.95749004797239,236.2802116226842,2.563167270028062,295.529110567501,73.14313790948792,24.18044281395303
2026-04-21 23:31:55.519060,110.48513174377548,237.913807577816,2.6542169366492225,299.5630840997144,73.0006072065491,24.34926169850694
2026-04-22 23:31:55.519060,111.06103220039756,240.95761881848352,3.057367423190806,299.03962791077726,73.52506060776709,24.38723348208154
2026-04-23 23:31:55.519060,110.77896849897526,243.34957030797494,1.9531220722684595,302.03347239065334,73.21954324679197,24.544280672876198
2026-04-24 23:31:55.519060,110.58122434481186,244.33340485249244,1.5664571671370902,302.65404355334107,73.54276046659452,24.60351656263599
2026-04-27 23:31:55.519060,110.18089409638635,244.31964422002716,1.3304266850255952,303.5806911109648,73.48969789858103,24.75785061358129
2026-04-28 23:31:55.519060,108.04649825321815,239.7874421922589,1.1779209631892167,299.9974150948129,73.37913269078025,24.594101879353225
2026-04-29 23:31:55.519060,106.43386616137931,236.66944914717018,1.0708309843587727,296.3696634673204,73.51192075677665,24.609969415145144
2026-04-30 23:31:55.519060,107.25345476481633,239.659680735856,1.0584105314919232,302.51594406986317,73.94595977065973,24.750180992857533
2026-05-01 23:31:55.519060,105.71934889374255,233.4371466743883,0.7833382318157722,298.310521421692,73.8413495901761,24.821892241399645
2026-05-04 23:31:55.519060,102.45673364382124,229.88160189730166,0.7786770464533179,293.3693916494261,73.8850756964688,25.091323373439142
2026-05-05 23:31:55.519060,104.71257411882233,232.6708139398643,0.7460065256854199,295.82744157944376,73.78676734807519,25.363437785168234
2026-05-06 23:31:55.519060,104.10888421035834,233.42584020651944,0.9630102069682153,296.1606752456366,73.40234797138574,25.388533601162738
2026-05-07 23:31:55.519060,104.00379993758453,233.11553113077724,0.9450030561109194,291.4803679611629,72.61867733416042,25.484030224280843
2026-05-08 23:31:55.519060,103.0277721765021,230.50027870727962,0.7691719645901564,286.5559836724343,72.1192209067813,25.565810274510042
2026-05-11 23:31:55.519060,100.92704717157568,225.7572050570712,0.9801066863355726,281.2030231098921,72.2327733285644,25.666430477086756
2026-05-12 23:31:55.519060,101.84344091849701,227.5366994320118,1.0118694431432589,284.29420277348123,72.2634190244445,25.845484648316965
2026-05-13 23:31:55.519060,101.15252474163914,222.90515299753713,0.6527764525575093,283.27796463872403,72.31857595912085,25.895743090022517
2026-05-14 23:31:55.519060,98.98914796728357,219.2175260636108,0.6171145183155589,277.2717579452313,72.33966606184929,25.876358415596318
2026-05-15 23:31:55.519060,100.05411567038925,222.10364753518704,0.6552660213665976,279.24324816070657,72.5480774363422,26.087308115835157
